;Startdatum;Starttid;Slutdatum;Sluttid;Fordon;Str√§cka(km)
0;2022-01-03;05:48:56;2022-01-03;06:07:59;ABC123;4,7
1;2022-01-03;06:13:13;2022-01-03;07:11:40;ABC123;18,1
2;2022-01-03;07:16:08;2022-01-03;07:32:27;ABC123;5,6
3;2022-01-03;07:35:59;2022-01-03;07:39:39;ABC123;0,8
4;2022-01-03;07:42:37;2022-01-03;07:46:11;ABC123;0,1
5;2022-01-03;08:05:54;2022-01-03;08:09:33;ABC123;0,1
6;2022-01-03;08:13:21;2022-01-03;08:28:43;ABC123;6,2
7;2022-01-03;08:39:00;2022-01-03;09:01:58;ABC123;7,4
8;2022-01-03;09:11:08;2022-01-03;09:15:15;ABC123;1,2
9;2022-01-03;09:29:30;2022-01-03;09:45:06;ABC123;5,1
10;2022-01-03;09:48:49;2022-01-03;09:52:31;ABC123;0,1
11;2022-01-03;09:54:39;2022-01-03;10:07:01;ABC123;5,0
12;2022-01-03;10:13:34;2022-01-03;10:17:05;ABC123;0,5
13;2022-01-03;10:18:46;2022-01-03;10:27:21;ABC123;1,6
14;2022-01-03;10:35:26;2022-01-03;11:16:05;ABC123;13,8
15;2022-01-03;11:17:54;2022-01-03;11:21:25;ABC123;0,1
16;2022-01-03;11:30:01;2022-01-03;11:44:55;ABC123;5,7
17;2022-01-03;11:49:42;2022-01-03;12:14:12;ABC123;11,0
18;2022-01-03;12:21:29;2022-01-03;13:17:53;ABC123;23,3
19;2022-01-04;05:41:47;2022-01-04;07:00:34;ABC123;25,8
20;2022-01-04;07:13:53;2022-01-04;07:52:14;ABC123;16,1
21;2022-01-04;07:55:24;2022-01-04;07:59:09;ABC123;0,1
22;2022-01-04;08:15:51;2022-01-04;08:19:36;ABC123;0,1
23;2022-01-04;08:44:08;2022-01-04;08:56:53;ABC123;6,2
24;2022-01-04;09:00:48;2022-01-04;09:20:06;ABC123;8,9
25;2022-01-04;09:28:47;2022-01-04;09:39:15;ABC123;4,9
26;2022-01-04;09:43:12;2022-01-04;09:54:03;ABC123;3,9
27;2022-01-04;09:59:16;2022-01-04;10:37:46;ABC123;17,9
28;2022-01-04;10:44:28;2022-01-04;10:55:29;ABC123;4,3
29;2022-01-04;11:19:55;2022-01-04;11:30:14;ABC123;2,9
30;2022-01-04;11:34:30;2022-01-04;12:21:49;ABC123;15,7
31;2022-01-04;12:47:52;2022-01-04;13:12:13;ABC123;6,7
32;2022-01-05;05:35:07;2022-01-05;05:51:15;ABC123;4,6
33;2022-01-05;05:55:02;2022-01-05;07:46:48;ABC123;31,4
34;2022-01-05;07:49:12;2022-01-05;07:52:43;ABC123;0,1
35;2022-01-05;08:08:49;2022-01-05;08:12:30;ABC123;0,2
36;2022-01-05;08:19:57;2022-01-05;08:32:30;ABC123;4,9
37;2022-01-05;08:33:50;2022-01-05;08:45:47;ABC123;3,6
38;2022-01-05;08:52:30;2022-01-05;09:18:15;ABC123;9,8
39;2022-01-05;09:22:13;2022-01-05;09:39:10;ABC123;7,3
40;2022-01-05;09:48:12;2022-01-05;10:49:53;ABC123;28,9
41;2022-01-05;11:08:44;2022-01-05;11:39:16;ABC123;14,0
42;2022-01-05;11:50:32;2022-01-05;12:31:43;ABC123;16,0
43;2022-01-05;12:41:59;2022-01-05;13:06:31;ABC123;6,7
44;2022-01-25;08:16:12;2022-01-25;08:22:47;ABC123;2,9
45;2022-01-25;08:28:19;2022-01-25;08:41:57;ABC123;5,6
46;2022-01-25;09:40:53;2022-01-25;09:57:10;ABC123;5,5
47;2022-01-25;10:03:33;2022-01-25;10:14:22;ABC123;4,8
48;2022-02-07;07:18:30;2022-02-07;07:43:50;ABC123;10,3
49;2022-02-07;07:45:43;2022-02-07;07:49:28;ABC123;0,2
50;2022-02-07;08:07:27;2022-02-07;08:18:01;ABC123;2,4
51;2022-02-07;08:20:04;2022-02-07;08:29:53;ABC123;3,4
52;2022-02-07;08:33:57;2022-02-07;09:00:45;ABC123;7,4
53;2022-02-07;09:07:13;2022-02-07;09:13:05;ABC123;1,2
54;2022-02-07;09:16:48;2022-02-07;09:53:22;ABC123;9,4
55;2022-02-07;10:03:48;2022-02-07;10:20:40;ABC123;6,0
56;2022-02-07;10:43:14;2022-02-07;10:46:59;ABC123;0,1
57;2022-02-07;10:48:17;2022-02-07;11:12:57;ABC123;9,3
58;2022-02-07;11:16:28;2022-02-07;11:26:11;ABC123;4,8
59;2022-02-07;11:28:18;2022-02-07;11:43:22;ABC123;5,4
60;2022-02-07;11:58:44;2022-02-07;12:05:35;ABC123;1,6
61;2022-02-07;12:10:08;2022-02-07;12:27:00;ABC123;5,6
62;2022-02-07;12:47:56;2022-02-07;13:12:54;ABC123;6,7
63;2022-02-17;07:50:33;2022-02-17;07:53:10;ABC123;0,2
64;2022-02-17;07:54:45;2022-02-17;08:19:53;ABC123;9,1
65;2022-02-17;08:24:03;2022-02-17;08:40:51;ABC123;6,4
66;2022-02-17;08:46:40;2022-02-17;09:09:18;ABC123;8,2
67;2022-02-17;09:15:42;2022-02-17;09:36:12;ABC123;5,2
68;2022-02-17;09:54:15;2022-02-17;10:24:43;ABC123;11,5
69;2022-02-17;10:31:04;2022-02-17;10:34:43;ABC123;0,1
70;2022-02-17;10:41:30;2022-02-17;11:17:01;ABC123;8,7
71;2022-02-17;11:26:51;2022-02-17;11:47:30;ABC123;7,0
72;2022-02-17;11:53:08;2022-02-17;12:10:21;ABC123;5,5
73;2022-02-17;12:59:43;2022-02-17;13:19:05;ABC123;6,0
74;2022-02-18;05:31:54;2022-02-18;05:40:30;ABC123;2,5
75;2022-02-18;05:53:46;2022-02-18;06:05:41;ABC123;1,7
76;2022-02-18;06:10:24;2022-02-18;06:37:01;ABC123;5,1
77;2022-02-18;06:38:56;2022-02-18;07:07:12;ABC123;9,0
78;2022-02-18;07:17:00;2022-02-18;07:31:18;ABC123;5,3
79;2022-02-18;07:33:52;2022-02-18;07:37:27;ABC123;0,1
80;2022-02-18;08:03:33;2022-02-18;08:29:44;ABC123;8,8
81;2022-02-18;08:33:46;2022-02-18;08:56:03;ABC123;7,2
82;2022-02-18;09:06:42;2022-02-18;09:10:23;ABC123;0,5
83;2022-02-18;09:12:24;2022-02-18;09:17:33;ABC123;0,6
84;2022-02-18;09:24:18;2022-02-18;09:31:07;ABC123;1,5
85;2022-02-18;10:07:41;2022-02-18;10:27:26;ABC123;6,5
86;2022-02-18;10:40:10;2022-02-18;11:25:38;ABC123;15,3
87;2022-02-18;11:34:56;2022-02-18;12:00:51;ABC123;8,2
88;2022-02-18;12:07:04;2022-02-18;12:26:41;ABC123;5,8
89;2022-02-18;13:01:40;2022-02-18;13:23:31;ABC123;6,1
90;2022-02-21;05:37:48;2022-02-21;05:45:40;ABC123;2,3
91;2022-02-21;06:01:04;2022-02-21;06:09:02;ABC123;1,8
92;2022-02-21;06:11:31;2022-02-21;06:32:11;ABC123;4,9
93;2022-02-21;06:34:21;2022-02-21;07:28:04;ABC123;13,5
94;2022-02-21;07:31:40;2022-02-21;07:35:19;ABC123;0,8
95;2022-02-21;07:36:43;2022-02-21;07:40:22;ABC123;0,1
96;2022-02-21;07:56:29;2022-02-21;08:14:15;ABC123;6,2
97;2022-02-21;08:17:58;2022-02-21;08:40:59;ABC123;7,2
98;2022-02-21;08:44:39;2022-02-21;09:05:34;ABC123;3,9
99;2022-02-21;09:10:32;2022-02-21;09:14:03;ABC123;0,2
100;2022-02-21;09:16:14;2022-02-21;09:26:54;ABC123;3,8
101;2022-02-21;09:31:46;2022-02-21;10:32:45;ABC123;20,6
102;2022-02-21;10:36:15;2022-02-21;10:39:54;ABC123;0,1
103;2022-02-21;11:02:43;2022-02-21;11:26:59;ABC123;8,2
104;2022-02-21;11:35:22;2022-02-21;11:53:59;ABC123;5,7
105;2022-02-21;12:24:38;2022-02-21;12:49:39;ABC123;6,7
106;2022-02-21;12:52:43;2022-02-21;13:10:05;ABC123;5,2
107;2022-02-24;08:17:22;2022-02-24;08:52:32;ABC123;15,3
108;2022-02-24;08:57:29;2022-02-24;09:28:35;ABC123;8,4
109;2022-02-24;09:48:04;2022-02-24;10:03:46;ABC123;5,1
110;2022-02-24;10:06:16;2022-02-24;10:18:03;ABC123;5,1
111;2022-02-24;10:19:57;2022-02-24;10:23:40;ABC123;0,4
112;2022-02-24;10:26:56;2022-02-24;10:36:20;ABC123;4,6
113;2022-02-24;10:38:11;2022-02-24;10:41:53;ABC123;0,1
114;2022-02-24;11:25:03;2022-02-24;12:33:28;ABC123;17,8
115;2022-02-24;12:40:49;2022-02-24;13:11:19;ABC123;5,4
116;2022-03-09;06:53:44;2022-03-09;06:56:30;ABC123;0,1
117;2022-03-09;07:06:50;2022-03-09;07:10:30;ABC123;0,4
118;2022-03-09;08:54:03;2022-03-09;08:57:51;ABC123;0,5
119;2022-03-21;09:19:45;2022-03-21;09:28:33;ABC123;2,8
120;2022-03-21;09:38:36;2022-03-21;09:51:45;ABC123;3,6
121;2022-03-22;07:10:25;2022-03-22;07:13:50;ABC123;0,1
122;2022-03-22;07:35:22;2022-03-22;07:39:05;ABC123;0,1
123;2022-03-22;08:26:33;2022-03-22;08:54:35;ABC123;2,8
124;2022-03-22;09:07:45;2022-03-22;09:14:04;ABC123;0,5
125;2022-03-22;09:25:55;2022-03-22;09:30:03;ABC123;0,8
126;2022-03-22;09:38:36;2022-03-22;09:44:44;ABC123;0,7
127;2022-03-22;10:12:18;2022-03-22;10:21:19;ABC123;1,3
128;2022-03-22;10:30:10;2022-03-22;10:49:41;ABC123;4,2
129;2022-03-22;11:41:25;2022-03-22;11:47:25;ABC123;2,1
130;2022-03-22;12:33:29;2022-03-22;13:10:36;ABC123;2,1
131;2022-03-23;09:14:46;2022-03-23;09:29:10;ABC123;2,7
132;2022-03-23;09:39:09;2022-03-23;09:48:25;ABC123;3,6
133;2022-03-29;05:56:08;2022-03-29;06:07:05;ABC123;2,3
134;2022-03-29;06:14:30;2022-03-29;06:23:47;ABC123;2,0
135;2022-03-29;06:33:17;2022-03-29;06:46:00;ABC123;2,4
136;2022-03-29;07:08:20;2022-03-29;07:14:24;ABC123;0,2
137;2022-03-29;07:18:34;2022-03-29;07:22:04;ABC123;0,3
138;2022-03-29;07:31:14;2022-03-29;07:37:07;ABC123;1,2
139;2022-03-29;08:04:00;2022-03-29;08:21:13;ABC123;3,7
140;2022-03-29;09:23:46;2022-03-29;09:27:22;ABC123;0,0
141;2022-03-29;09:30:24;2022-03-29;09:38:43;ABC123;2,6
142;2022-03-29;09:49:12;2022-03-29;09:52:54;ABC123;0,4
143;2022-03-29;10:08:57;2022-03-29;10:21:04;ABC123;4,0
144;2022-04-07;09:34:32;2022-04-07;09:43:33;ABC123;3,4
145;2022-04-07;09:53:47;2022-04-07;10:06:11;ABC123;4,5
146;2022-04-30;12:34:50;2022-04-30;12:37:18;ABC123;0,3
147;2022-04-30;12:54:25;2022-04-30;12:57:59;ABC123;0,1
148;2022-04-30;13:07:13;2022-04-30;13:10:49;ABC123;0,3
149;2022-05-02;08:35:02;2022-05-02;08:53:19;ABC123;8,4
150;2022-05-02;09:03:13;2022-05-02;09:06:53;ABC123;0,3
151;2022-05-02;09:09:02;2022-05-02;09:13:24;ABC123;0,5
152;2022-05-02;09:17:56;2022-05-02;09:22:21;ABC123;0,4
153;2022-05-02;09:28:56;2022-05-02;09:34:17;ABC123;0,3
154;2022-05-02;09:37:24;2022-05-02;09:40:55;ABC123;0,2
155;2022-05-02;09:46:32;2022-05-02;09:50:12;ABC123;0,4
156;2022-05-02;09:52:46;2022-05-02;09:58:37;ABC123;1,4
157;2022-05-02;10:08:29;2022-05-02;10:12:05;ABC123;0,9
158;2022-05-02;10:22:41;2022-05-02;10:33:03;ABC123;5,7
159;2022-05-02;10:40:41;2022-05-02;10:44:25;ABC123;0,2
160;2022-05-06;09:56:21;2022-05-06;10:02:34;ABC123;3,0
161;2022-05-06;10:06:56;2022-05-06;10:10:32;ABC123;0,6
162;2022-05-06;10:16:24;2022-05-06;10:36:56;ABC123;7,9
163;2022-05-06;10:38:41;2022-05-06;10:42:26;ABC123;0,2
164;2022-05-11;07:57:58;2022-05-11;08:07:59;ABC123;8,8
165;2022-05-11;08:13:57;2022-05-11;08:21:39;ABC123;5,7
166;2022-05-11;08:25:22;2022-05-11;08:36:17;ABC123;7,6
167;2022-05-11;08:51:40;2022-05-11;08:57:20;ABC123;3,8
168;2022-05-11;09:03:16;2022-05-11;09:06:50;ABC123;0,9
169;2022-05-11;09:18:22;2022-05-11;09:22:04;ABC123;0,1
170;2022-05-11;09:23:31;2022-05-11;09:27:34;ABC123;0,8
171;2022-05-11;09:32:50;2022-05-11;09:38:41;ABC123;4,7
172;2022-05-11;09:46:19;2022-05-11;09:55:40;ABC123;3,7
173;2022-05-11;10:04:51;2022-05-11;10:22:54;ABC123;1,4
174;2022-05-11;10:26:47;2022-05-11;10:35:06;ABC123;4,6
175;2022-05-16;09:15:41;2022-05-16;09:33:15;ABC123;2,7
176;2022-05-16;10:48:38;2022-05-16;10:52:21;ABC123;0,5
177;2022-05-16;10:53:47;2022-05-16;10:57:22;ABC123;0,5
178;2022-05-16;11:02:19;2022-05-16;11:12:53;ABC123;3,6
179;2022-05-16;12:45:40;2022-05-16;12:53:35;ABC123;2,8
180;2022-05-16;13:31:47;2022-05-16;13:41:09;ABC123;3,1
181;2022-05-17;05:54:44;2022-05-17;06:14:38;ABC123;2,5
182;2022-05-17;06:33:42;2022-05-17;06:43:03;ABC123;3,5
183;2022-05-17;06:58:35;2022-05-17;07:07:44;ABC123;3,5
184;2022-05-17;08:17:51;2022-05-17;08:29:37;ABC123;1,4
185;2022-05-17;08:49:11;2022-05-17;08:58:56;ABC123;3,2
186;2022-05-17;09:09:53;2022-05-17;09:13:30;ABC123;0,6
187;2022-05-17;09:46:00;2022-05-17;10:04:18;ABC123;3,0
188;2022-05-17;11:01:50;2022-05-17;11:10:30;ABC123;3,2
189;2022-05-17;12:37:17;2022-05-17;12:41:00;ABC123;0,1
190;2022-05-17;12:46:26;2022-05-17;12:50:48;ABC123;0,2
191;2022-05-17;12:52:55;2022-05-17;12:56:28;ABC123;0,1
192;2022-05-18;05:58:46;2022-05-18;06:24:32;ABC123;4,1
193;2022-05-18;06:45:53;2022-05-18;06:49:23;ABC123;0,5
194;2022-05-18;07:34:11;2022-05-18;07:44:11;ABC123;1,9
195;2022-05-18;08:00:29;2022-05-18;08:14:32;ABC123;3,7
196;2022-05-18;09:18:09;2022-05-18;09:32:15;ABC123;4,2
197;2022-05-18;10:49:28;2022-05-18;11:00:43;ABC123;0,3
198;2022-05-18;11:07:48;2022-05-18;11:21:16;ABC123;4,3
199;2022-05-18;13:53:00;2022-05-18;13:56:21;ABC123;0,1
200;2022-05-19;05:48:46;2022-05-19;06:22:08;ABC123;8,7
201;2022-05-19;07:03:22;2022-05-19;07:13:15;ABC123;1,2
202;2022-05-19;07:20:36;2022-05-19;07:29:21;ABC123;2,8
203;2022-05-19;07:37:42;2022-05-19;07:50:48;ABC123;3,7
204;2022-05-19;08:38:50;2022-05-19;08:55:06;ABC123;5,3
205;2022-05-19;10:21:08;2022-05-19;10:32:32;ABC123;2,4
206;2022-05-19;10:39:25;2022-05-19;10:50:22;ABC123;3,7
207;2022-05-19;12:02:52;2022-05-19;12:16:39;ABC123;4,4
208;2022-05-19;12:25:34;2022-05-19;12:29:58;ABC123;1,0
209;2022-05-19;12:34:21;2022-05-19;12:49:45;ABC123;4,1
210;2022-05-19;12:53:26;2022-05-19;12:57:13;ABC123;0,8
211;2022-05-23;05:56:06;2022-05-23;06:09:29;ABC123;4,5
212;2022-05-23;07:42:10;2022-05-23;07:56:17;ABC123;2,4
213;2022-05-23;08:18:56;2022-05-23;08:30:41;ABC123;3,7
214;2022-05-23;09:35:37;2022-05-23;09:55:37;ABC123;5,7
215;2022-05-23;11:09:43;2022-05-23;11:37:37;ABC123;5,5
216;2022-05-23;12:23:20;2022-05-23;12:28:48;ABC123;0,2
217;2022-05-23;12:56:18;2022-05-23;13:00:18;ABC123;0,9
218;2022-05-23;13:17:01;2022-05-23;13:20:38;ABC123;0,8
219;2022-05-24;06:01:31;2022-05-24;06:15:53;ABC123;4,5
220;2022-05-24;07:11:16;2022-05-24;07:20:58;ABC123;1,3
221;2022-05-24;07:28:44;2022-05-24;07:44:44;ABC123;5,5
222;2022-05-24;09:09:51;2022-05-24;09:27:54;ABC123;6,3
223;2022-05-24;10:08:15;2022-05-24;10:11:57;ABC123;0,3
224;2022-05-24;10:37:58;2022-05-24;10:47:09;ABC123;2,1
225;2022-05-24;10:54:09;2022-05-24;11:06:01;ABC123;3,7
226;2022-05-24;12:02:14;2022-05-24;12:30:16;ABC123;7,5
227;2022-05-24;13:05:13;2022-05-24;13:24:22;ABC123;5,9
228;2022-05-25;05:46:54;2022-05-25;06:09:19;ABC123;4,7
229;2022-05-25;07:19:01;2022-05-25;07:33:45;ABC123;3,0
230;2022-05-25;07:44:55;2022-05-25;07:55:29;ABC123;3,7
231;2022-05-25;08:36:47;2022-05-25;08:59:59;ABC123;6,4
232;2022-05-25;09:06:37;2022-05-25;09:29:11;ABC123;6,9
233;2022-05-25;10:33:02;2022-05-25;10:49:59;ABC123;6,7
234;2022-05-25;11:41:56;2022-05-25;11:59:14;ABC123;4,5
235;2022-05-25;12:59:00;2022-05-25;13:02:35;ABC123;0,2
236;2022-05-25;13:09:55;2022-05-25;13:31:50;ABC123;5,5
237;2022-05-30;05:47:09;2022-05-30;06:06:35;ABC123;5,6
238;2022-05-30;06:27:02;2022-05-30;06:30:38;ABC123;0,1
239;2022-05-30;07:07:02;2022-05-30;07:17:39;ABC123;2,6
240;2022-05-30;07:42:33;2022-05-30;07:53:42;ABC123;3,7
241;2022-05-30;08:19:03;2022-05-30;08:43:18;ABC123;5,5
242;2022-05-30;09:24:09;2022-05-30;09:35:26;ABC123;0,6
243;2022-05-30;09:43:02;2022-05-30;09:46:35;ABC123;0,1
244;2022-05-30;10:25:46;2022-05-30;10:36:08;ABC123;0,2
245;2022-05-30;10:38:48;2022-05-30;10:52:54;ABC123;3,2
246;2022-05-30;11:38:47;2022-05-30;11:50:27;ABC123;3,7
247;2022-05-30;12:20:19;2022-05-30;13:02:57;ABC123;13,9
248;2022-05-31;05:47:57;2022-05-31;06:22:26;ABC123;9,3
249;2022-05-31;06:43:16;2022-05-31;07:05:07;ABC123;7,2
250;2022-05-31;07:15:50;2022-05-31;07:41:37;ABC123;5,0
251;2022-05-31;08:58:48;2022-05-31;09:21:43;ABC123;6,3
252;2022-05-31;09:29:01;2022-05-31;09:33:30;ABC123;0,3
253;2022-05-31;10:06:36;2022-05-31;10:10:52;ABC123;0,1
254;2022-05-31;10:25:09;2022-05-31;10:40:29;ABC123;3,5
255;2022-05-31;10:48:20;2022-05-31;10:59:45;ABC123;3,9
256;2022-05-31;11:49:16;2022-05-31;11:53:00;ABC123;0,2
257;2022-05-31;12:01:47;2022-05-31;12:16:17;ABC123;4,6
258;2022-05-31;12:24:24;2022-05-31;12:27:55;ABC123;0,7
259;2022-05-31;12:31:34;2022-05-31;12:55:46;ABC123;7,6
260;2022-06-01;05:45:10;2022-06-01;05:57:05;ABC123;2,2
261;2022-06-01;06:02:04;2022-06-01;06:05:47;ABC123;0,2
262;2022-06-01;06:12:02;2022-06-01;06:15:33;ABC123;0,1
263;2022-06-01;06:24:51;2022-06-01;06:28:48;ABC123;0,4
264;2022-06-01;06:49:20;2022-06-01;07:00:45;ABC123;0,2
265;2022-06-01;07:20:36;2022-06-01;07:31:06;ABC123;1,3
266;2022-06-01;07:37:42;2022-06-01;07:55:29;ABC123;1,4
267;2022-06-01;07:57:11;2022-06-01;08:00:52;ABC123;0,3
268;2022-06-01;08:18:03;2022-06-01;08:30:11;ABC123;3,5
269;2022-06-01;09:15:38;2022-06-01;09:19:23;ABC123;0,1
270;2022-06-01;09:23:52;2022-06-01;09:56:44;ABC123;3,9
271;2022-06-01;10:10:13;2022-06-01;10:28:21;ABC123;0,8
272;2022-06-01;10:53:15;2022-06-01;11:10:58;ABC123;0,7
273;2022-06-01;11:21:11;2022-06-01;11:47:59;ABC123;4,8
274;2022-06-01;11:49:30;2022-06-01;11:53:17;ABC123;0,1
275;2022-06-01;12:27:22;2022-06-01;12:31:07;ABC123;0,1
276;2022-06-01;12:32:53;2022-06-01;12:44:30;ABC123;2,1
277;2022-06-01;13:21:27;2022-06-01;13:29:12;ABC123;2,2
278;2022-06-01;14:34:37;2022-06-01;14:54:49;ABC123;5,4
279;2022-06-01;16:16:38;2022-06-01;16:34:16;ABC123;4,4
280;2022-06-01;16:42:25;2022-06-01;16:45:59;ABC123;0,1
281;2022-06-02;09:28:14;2022-06-02;09:31:46;ABC123;0,1
282;2022-06-02;09:33:16;2022-06-02;09:42:05;ABC123;3,4
283;2022-06-02;09:53:13;2022-06-02;10:02:43;ABC123;3,7
284;2022-06-07;06:04:47;2022-06-07;06:19:15;ABC123;3,7
285;2022-06-07;06:50:36;2022-06-07;07:05:01;ABC123;3,3
286;2022-06-07;07:22:39;2022-06-07;07:29:49;ABC123;1,6
287;2022-06-07;07:46:31;2022-06-07;07:55:56;ABC123;3,5
288;2022-06-07;08:11:13;2022-06-07;08:25:23;ABC123;4,1
289;2022-06-07;08:57:39;2022-06-07;09:35:33;ABC123;12,8
290;2022-06-07;09:44:26;2022-06-07;09:58:45;ABC123;0,2
291;2022-06-08;06:08:57;2022-06-08;06:33:53;ABC123;5,6
292;2022-06-08;07:37:16;2022-06-08;07:55:55;ABC123;6,5
293;2022-06-08;08:51:42;2022-06-08;09:01:30;ABC123;4,2
294;2022-06-08;09:08:49;2022-06-08;09:23:34;ABC123;1,0
295;2022-06-08;09:43:14;2022-06-08;11:22:51;ABC123;12,4
296;2022-06-08;11:31:31;2022-06-08;11:44:59;ABC123;3,5
297;2022-06-08;12:40:24;2022-06-08;12:58:52;ABC123;0,3
298;2022-06-13;05:55:28;2022-06-13;06:37:06;ABC123;12,2
299;2022-06-13;06:47:16;2022-06-13;06:58:34;ABC123;3,2
300;2022-06-13;07:32:54;2022-06-13;07:46:37;ABC123;7,1
301;2022-06-13;08:31:55;2022-06-13;08:58:01;ABC123;5,6
302;2022-06-13;08:59:43;2022-06-13;09:46:10;ABC123;10,8
303;2022-06-13;10:16:56;2022-06-13;10:43:29;ABC123;8,0
304;2022-06-13;10:45:19;2022-06-13;10:48:50;ABC123;0,1
305;2022-06-13;11:44:46;2022-06-13;12:51:52;ABC123;20,0
306;2022-06-13;12:55:15;2022-06-13;13:00:34;ABC123;0,8
307;2022-06-14;05:49:48;2022-06-14;06:42:49;ABC123;17,3
308;2022-06-14;07:09:02;2022-06-14;07:29:17;ABC123;7,5
309;2022-06-14;08:15:51;2022-06-14;09:07:01;ABC123;11,3
310;2022-06-14;09:16:29;2022-06-14;09:32:45;ABC123;7,6
311;2022-06-14;09:39:24;2022-06-14;09:56:37;ABC123;7,3
312;2022-06-14;10:05:42;2022-06-14;10:36:06;ABC123;9,9
313;2022-06-14;11:41:15;2022-06-14;12:44:07;ABC123;19,1
314;2022-06-14;12:50:37;2022-06-14;12:57:08;ABC123;2,0
315;2022-06-15;06:22:25;2022-06-15;07:14:44;ABC123;15,0
316;2022-06-15;07:29:13;2022-06-15;07:45:38;ABC123;4,8
317;2022-06-16;05:49:55;2022-06-16;06:46:46;ABC123;15,8
318;2022-06-16;06:53:33;2022-06-16;07:14:52;ABC123;7,6
319;2022-06-16;11:40:55;2022-06-16;12:18:47;ABC123;15,4
320;2022-06-17;05:51:06;2022-06-17;06:56:02;ABC123;26,2
321;2022-06-17;07:10:32;2022-06-17;07:38:50;ABC123;10,3
322;2022-06-17;08:27:18;2022-06-17;09:11:09;ABC123;15,1
323;2022-06-17;09:25:40;2022-06-17;10:08:35;ABC123;12,3
324;2022-06-17;10:20:06;2022-06-17;10:31:19;ABC123;3,7
325;2022-06-17;11:18:20;2022-06-17;12:14:45;ABC123;11,7
326;2022-06-17;12:24:13;2022-06-17;12:44:02;ABC123;4,2
327;2022-06-18;19:15:13;2022-06-18;19:32:52;ABC123;3,4
328;2022-06-18;19:34:17;2022-06-18;19:41:06;ABC123;0,7
329;2022-06-18;19:44:11;2022-06-18;19:47:47;ABC123;0,1
330;2022-06-18;19:49:12;2022-06-18;19:52:49;ABC123;0,4
331;2022-06-18;19:54:48;2022-06-18;19:58:21;ABC123;0,1
332;2022-06-18;20:00:20;2022-06-18;20:54:59;ABC123;5,4
333;2022-06-18;21:27:25;2022-06-18;22:55:21;ABC123;4,2
334;2022-06-19;06:18:12;2022-06-19;07:09:45;ABC123;0,2
335;2022-06-19;07:26:52;2022-06-19;07:44:16;ABC123;3,8
336;2022-06-19;08:18:44;2022-06-19;08:35:15;ABC123;9,7
337;2022-06-19;08:45:16;2022-06-19;08:53:35;ABC123;1,2
338;2022-06-19;09:27:31;2022-06-19;09:50:13;ABC123;9,9
339;2022-06-20;05:53:31;2022-06-20;06:39:08;ABC123;15,5
340;2022-06-20;06:49:28;2022-06-20;07:00:45;ABC123;2,7
341;2022-06-20;07:15:20;2022-06-20;07:30:50;ABC123;4,7
342;2022-06-20;08:25:19;2022-06-20;09:02:28;ABC123;12,6
343;2022-06-20;09:27:47;2022-06-20;09:41:27;ABC123;5,7
344;2022-06-20;09:51:52;2022-06-20;10:50:05;ABC123;19,7
345;2022-06-20;11:31:57;2022-06-20;12:55:21;ABC123;14,8
346;2022-06-21;05:48:14;2022-06-21;06:45:47;ABC123;16,3
347;2022-06-21;06:49:18;2022-06-21;07:09:50;ABC123;1,6
348;2022-06-21;07:19:23;2022-06-21;07:30:59;ABC123;3,8
349;2022-06-21;08:12:57;2022-06-21;09:22:43;ABC123;18,6
350;2022-06-21;09:33:49;2022-06-21;09:44:02;ABC123;3,7
351;2022-06-23;14:07:19;2022-06-23;14:10:52;ABC123;0,2
352;2022-06-23;14:12:48;2022-06-23;14:28:13;ABC123;7,1
353;2022-06-23;16:45:26;2022-06-23;16:59:37;ABC123;6,7
354;2022-06-23;18:08:01;2022-06-23;18:11:35;ABC123;0,1
355;2022-06-23;18:13:09;2022-06-23;18:24:48;ABC123;12,1
356;2022-06-23;18:28:42;2022-06-23;18:32:14;ABC123;0,1
357;2022-06-23;18:34:01;2022-06-23;18:37:49;ABC123;0,2
358;2022-06-23;18:39:16;2022-06-23;18:43:28;ABC123;0,2
359;2022-06-23;18:44:50;2022-06-23;18:54:06;ABC123;0,9
360;2022-06-23;18:55:38;2022-06-23;19:06:17;ABC123;4,8
361;2022-06-23;19:07:49;2022-06-23;19:11:37;ABC123;0,8
362;2022-06-23;19:15:43;2022-06-23;19:24:52;ABC123;3,4
363;2022-06-23;19:26:46;2022-06-23;19:30:17;ABC123;0,1
364;2022-06-23;19:33:18;2022-06-23;19:36:57;ABC123;0,1
365;2022-06-23;19:41:29;2022-06-23;19:47:36;ABC123;2,2
366;2022-06-23;19:56:13;2022-06-23;20:02:40;ABC123;1,5
367;2022-06-23;20:04:05;2022-06-23;20:09:13;ABC123;0,2
368;2022-06-23;20:10:39;2022-06-23;20:14:22;ABC123;0,1
369;2022-06-23;20:17:43;2022-06-23;20:30:13;ABC123;7,3
370;2022-06-23;20:34:15;2022-06-23;20:37:57;ABC123;0,2
371;2022-06-27;05:49:01;2022-06-27;06:54:13;ABC123;13,8
372;2022-06-27;07:03:08;2022-06-27;07:30:57;ABC123;8,4
373;2022-06-27;08:09:42;2022-06-27;09:15:42;ABC123;13,5
374;2022-06-27;09:27:29;2022-06-27;09:49:20;ABC123;5,7
375;2022-06-27;09:57:46;2022-06-27;10:28:57;ABC123;10,6
376;2022-06-27;11:21:09;2022-06-27;12:48:55;ABC123;22,7
377;2022-06-27;12:53:27;2022-06-27;13:00:55;ABC123;0,9
378;2022-06-28;05:50:51;2022-06-28;06:16:09;ABC123;10,6
379;2022-06-28;06:24:01;2022-06-28;07:00:47;ABC123;11,4
380;2022-06-28;07:21:47;2022-06-28;07:35:24;ABC123;4,7
381;2022-06-28;08:17:00;2022-06-28;08:23:58;ABC123;2,9
382;2022-06-28;08:26:46;2022-06-28;08:47:25;ABC123;7,8
383;2022-06-28;09:05:47;2022-06-28;09:34:47;ABC123;10,8
384;2022-06-28;09:56:06;2022-06-28;10:22:14;ABC123;8,2
385;2022-06-28;11:14:49;2022-06-28;12:52:41;ABC123;24,5
386;2022-07-12;09:21:13;2022-07-12;09:47:07;ABC123;22,2
387;2022-07-12;09:55:11;2022-07-12;09:58:56;ABC123;0,1
388;2022-07-12;10:05:19;2022-07-12;10:31:52;ABC123;20,5
389;2022-07-13;05:48:46;2022-07-13;05:53:11;ABC123;0,2
390;2022-07-13;11:37:28;2022-07-13;11:43:11;ABC123;2,6
391;2022-07-13;11:54:29;2022-07-13;12:00:18;ABC123;2,5
392;2022-07-14;06:39:30;2022-07-14;06:43:07;ABC123;0,1
393;2022-07-14;06:48:10;2022-07-14;06:55:55;ABC123;4,5
394;2022-07-14;07:55:34;2022-07-14;07:59:02;ABC123;0,8
395;2022-07-14;08:22:55;2022-07-14;08:33:47;ABC123;3,5
396;2022-07-14;09:48:46;2022-07-14;10:00:48;ABC123;7,5
397;2022-07-14;10:05:46;2022-07-14;10:32:46;ABC123;7,9
398;2022-07-14;10:57:14;2022-07-14;11:10:45;ABC123;7,5
399;2022-07-14;12:09:00;2022-07-14;12:18:54;ABC123;3,5
400;2022-07-14;12:27:53;2022-07-14;12:39:35;ABC123;1,2
401;2022-07-14;12:48:23;2022-07-14;13:11:25;ABC123;5,5
402;2022-07-19;06:08:50;2022-07-19;06:14:53;ABC123;2,3
403;2022-07-19;06:22:31;2022-07-19;06:27:06;ABC123;0,8
404;2022-07-19;07:29:57;2022-07-19;07:42:22;ABC123;0,8
405;2022-07-19;07:57:05;2022-07-19;08:09:18;ABC123;3,9
406;2022-07-19;09:15:45;2022-07-19;09:29:00;ABC123;0,1
407;2022-07-19;10:04:40;2022-07-19;10:16:49;ABC123;2,4
408;2022-07-19;10:22:34;2022-07-19;10:26:17;ABC123;0,2
409;2022-07-19;10:38:02;2022-07-19;10:57:55;ABC123;4,2
410;2022-07-19;11:57:50;2022-07-19;12:01:36;ABC123;0,1
411;2022-07-20;05:52:29;2022-07-20;06:04:02;ABC123;3,0
412;2022-07-20;06:10:21;2022-07-20;06:14:01;ABC123;0,4
413;2022-07-20;06:43:34;2022-07-20;06:47:14;ABC123;0,2
414;2022-07-20;06:56:19;2022-07-20;07:00:01;ABC123;0,2
415;2022-07-20;07:08:17;2022-07-20;07:20:26;ABC123;1,3
416;2022-07-20;07:45:41;2022-07-20;07:54:18;ABC123;3,7
417;2022-07-20;09:44:48;2022-07-20;09:54:27;ABC123;3,3
418;2022-07-20;09:57:54;2022-07-20;10:03:55;ABC123;0,3
419;2022-07-20;10:15:29;2022-07-20;10:34:11;ABC123;0,8
420;2022-07-20;10:44:04;2022-07-20;11:00:32;ABC123;0,3
421;2022-07-20;11:11:32;2022-07-20;11:20:09;ABC123;2,9
422;2022-07-20;11:29:08;2022-07-20;11:32:54;ABC123;0,3
423;2022-07-20;11:48:14;2022-07-20;11:51:45;ABC123;0,2
424;2022-07-20;11:56:00;2022-07-20;12:05:13;ABC123;4,1
425;2022-07-21;06:15:50;2022-07-21;06:28:34;ABC123;5,1
426;2022-07-21;07:19:03;2022-07-21;07:31:46;ABC123;3,3
427;2022-07-21;07:42:08;2022-07-21;07:54:30;ABC123;5,5
428;2022-07-21;09:28:42;2022-07-21;09:39:40;ABC123;3,1
429;2022-07-21;10:10:34;2022-07-21;10:27:58;ABC123;3,2
430;2022-07-21;11:01:30;2022-07-21;11:11:51;ABC123;3,6
431;2022-07-21;12:26:55;2022-07-21;12:51:23;ABC123;6,3
432;2022-07-22;05:49:06;2022-07-22;07:19:52;ABC123;17,8
433;2022-07-22;07:22:38;2022-07-22;07:26:21;ABC123;0,1
434;2022-07-22;09:23:26;2022-07-22;09:34:05;ABC123;3,3
435;2022-07-22;09:38:35;2022-07-22;09:47:35;ABC123;3,8
436;2022-07-22;10:12:29;2022-07-22;10:22:56;ABC123;3,6
437;2022-07-22;10:35:40;2022-07-22;10:46:04;ABC123;3,7
438;2022-07-23;05:55:53;2022-07-23;06:05:24;ABC123;3,9
439;2022-07-23;06:14:20;2022-07-23;07:07:54;ABC123;2,2
440;2022-07-23;07:10:48;2022-07-23;07:19:13;ABC123;0,6
441;2022-07-23;07:25:49;2022-07-23;07:32:59;ABC123;1,5
442;2022-07-23;07:41:50;2022-07-23;07:45:41;ABC123;0,6
443;2022-07-23;07:57:49;2022-07-23;08:01:23;ABC123;0,2
444;2022-07-23;08:08:16;2022-07-23;08:11:53;ABC123;0,2
445;2022-07-23;08:16:26;2022-07-23;08:33:08;ABC123;3,9
446;2022-07-23;09:11:27;2022-07-23;09:33:12;ABC123;3,9
447;2022-07-23;10:37:46;2022-07-23;11:44:14;ABC123;13,0
448;2022-07-26;06:58:14;2022-07-26;07:04:07;ABC123;3,3
449;2022-07-26;13:41:57;2022-07-26;13:45:42;ABC123;0,1
450;2022-07-27;08:17:43;2022-07-27;08:21:26;ABC123;0,2
451;2022-08-15;10:54:44;2022-08-15;11:02:53;ABC123;4,1
452;2022-08-16;05:50:25;2022-08-16;05:57:50;ABC123;2,3
453;2022-08-16;06:03:50;2022-08-16;06:07:19;ABC123;0,2
454;2022-08-16;06:15:52;2022-08-16;06:19:44;ABC123;0,8
455;2022-08-16;06:26:53;2022-08-16;06:36:33;ABC123;2,0
456;2022-08-16;07:02:25;2022-08-16;07:06:11;ABC123;0,9
457;2022-08-16;07:07:48;2022-08-16;07:26:34;ABC123;1,3
458;2022-08-16;07:47:14;2022-08-16;08:01:05;ABC123;0,5
459;2022-08-16;08:08:03;2022-08-16;08:22:04;ABC123;3,4
460;2022-08-19;05:37:46;2022-08-19;05:41:20;ABC123;0,1
461;2022-08-25;11:00:16;2022-08-25;11:04:11;ABC123;1,0
462;2022-08-31;08:47:41;2022-08-31;08:57:46;ABC123;3,7
463;2022-08-31;10:11:57;2022-08-31;10:15:39;ABC123;0,1
464;2022-08-31;11:55:14;2022-08-31;12:08:19;ABC123;4,4
465;2022-09-02;10:56:34;2022-09-02;11:05:26;ABC123;3,1
466;2022-09-02;16:44:03;2022-09-02;16:59:27;ABC123;4,3
467;2022-09-02;17:02:05;2022-09-02;17:05:33;ABC123;0,1
468;2022-09-07;07:25:37;2022-09-07;07:36:05;ABC123;0,4
469;2022-09-07;09:15:25;2022-09-07;09:55:16;ABC123;7,0
470;2022-09-07;11:00:22;2022-09-07;11:17:41;ABC123;4,2
471;2022-09-07;14:03:40;2022-09-07;14:27:41;ABC123;7,9
472;2022-09-08;05:58:28;2022-09-08;06:34:20;ABC123;9,4
473;2022-09-08;06:42:46;2022-09-08;06:54:49;ABC123;5,8
474;2022-09-08;07:01:41;2022-09-08;07:05:21;ABC123;0,3
475;2022-09-08;07:08:37;2022-09-08;07:28:40;ABC123;7,6
476;2022-09-08;07:33:44;2022-09-08;07:45:30;ABC123;4,1
477;2022-09-09;06:14:31;2022-09-09;06:26:31;ABC123;3,8
478;2022-09-09;06:32:49;2022-09-09;06:38:14;ABC123;1,3
479;2022-09-09;06:44:45;2022-09-09;06:59:10;ABC123;4,3
480;2022-09-09;07:14:29;2022-09-09;07:42:23;ABC123;8,7
481;2022-09-12;06:13:58;2022-09-12;06:18:08;ABC123;0,2
482;2022-09-12;08:45:32;2022-09-12;08:56:50;ABC123;5,1
483;2022-09-12;09:05:23;2022-09-12;09:08:53;ABC123;0,1
484;2022-09-12;09:10:25;2022-09-12;09:15:35;ABC123;0,5
485;2022-09-12;09:22:51;2022-09-12;09:27:40;ABC123;1,1
486;2022-09-12;09:32:50;2022-09-12;09:36:33;ABC123;0,4
487;2022-09-12;09:57:20;2022-09-12;10:04:14;ABC123;2,1
488;2022-09-12;10:17:38;2022-09-12;10:23:50;ABC123;1,5
489;2022-09-12;10:28:53;2022-09-12;10:32:18;ABC123;0,4
490;2022-09-12;10:40:11;2022-09-12;10:53:11;ABC123;4,9
491;2022-09-12;10:56:26;2022-09-12;10:59:57;ABC123;0,2
492;2022-09-12;12:15:13;2022-09-12;12:18:46;ABC123;0,1
493;2022-09-12;12:20:33;2022-09-12;12:27:57;ABC123;0,3
494;2022-09-13;06:30:23;2022-09-13;06:39:17;ABC123;4,0
495;2022-09-13;08:16:33;2022-09-13;08:26:01;ABC123;3,9
496;2022-09-14;07:36:02;2022-09-14;07:46:27;ABC123;4,0
497;2022-09-14;08:01:00;2022-09-14;08:13:01;ABC123;4,0
498;2022-09-14;12:29:24;2022-09-14;12:36:09;ABC123;0,2
499;2022-09-19;09:34:41;2022-09-19;09:38:29;ABC123;0,2
500;2022-09-19;09:39:49;2022-09-19;09:43:47;ABC123;0,8
501;2022-09-19;09:45:17;2022-09-19;09:49:20;ABC123;1,4
502;2022-09-20;11:50:12;2022-09-20;11:54:49;ABC123;0,3
503;2022-09-22;09:13:19;2022-09-22;09:21:05;ABC123;3,5
504;2022-09-22;10:37:57;2022-09-22;10:58:48;ABC123;7,8
505;2022-09-22;11:45:21;2022-09-22;11:55:11;ABC123;4,3
506;2022-09-23;12:45:02;2022-09-23;12:48:38;ABC123;1,0
507;2022-09-23;12:50:03;2022-09-23;12:53:46;ABC123;0,8
508;2022-09-28;08:44:14;2022-09-28;09:16:27;ABC123;14,1
509;2022-09-28;09:36:17;2022-09-28;09:39:50;ABC123;0,1
510;2022-09-28;10:56:03;2022-09-28;11:20:07;ABC123;14,6
511;2022-09-28;11:22:15;2022-09-28;11:27:58;ABC123;0,9
512;2022-09-29;12:08:28;2022-09-29;12:12:04;ABC123;0,4
513;2022-10-03;06:33:10;2022-10-03;06:38:30;ABC123;0,2
514;2022-10-03;07:17:51;2022-10-03;07:31:49;ABC123;3,3
515;2022-10-03;07:33:46;2022-10-03;07:40:49;ABC123;1,4
516;2022-10-03;07:51:20;2022-10-03;07:54:59;ABC123;0,1
517;2022-10-03;07:56:14;2022-10-03;08:26:21;ABC123;7,1
518;2022-10-03;09:12:16;2022-10-03;09:19:56;ABC123;4,0
519;2022-10-03;09:24:56;2022-10-03;09:33:51;ABC123;4,4
520;2022-10-03;09:42:27;2022-10-03;09:58:28;ABC123;4,0
521;2022-10-04;07:23:02;2022-10-04;08:54:42;ABC123;10,8
522;2022-10-04;09:20:40;2022-10-04;09:50:31;ABC123;7,5
523;2022-10-06;12:40:45;2022-10-06;12:46:06;ABC123;0,3
524;2022-10-07;05:45:59;2022-10-07;05:49:35;ABC123;1,0
525;2022-10-07;05:52:51;2022-10-07;06:31:44;ABC123;5,8
526;2022-10-07;06:51:08;2022-10-07;07:32:23;ABC123;2,0
527;2022-10-07;07:46:13;2022-10-07;07:57:44;ABC123;3,8
528;2022-10-07;09:24:05;2022-10-07;09:38:40;ABC123;3,7
529;2022-10-07;09:44:41;2022-10-07;09:53:06;ABC123;3,6
530;2022-10-07;10:08:54;2022-10-07;10:21:58;ABC123;0,3
531;2022-10-10;05:53:30;2022-10-10;06:47:53;ABC123;3,7
532;2022-10-10;07:51:41;2022-10-10;08:08:18;ABC123;1,0
533;2022-10-10;08:13:10;2022-10-10;08:22:56;ABC123;3,7
534;2022-10-10;09:04:57;2022-10-10;09:24:37;ABC123;3,4
535;2022-10-10;09:55:12;2022-10-10;10:09:41;ABC123;1,1
536;2022-10-10;10:49:58;2022-10-10;11:44:39;ABC123;9,9
537;2022-10-10;12:05:19;2022-10-10;12:08:56;ABC123;0,1
538;2022-10-10;12:43:50;2022-10-10;12:47:36;ABC123;0,9
539;2022-10-10;12:50:23;2022-10-10;13:02:06;ABC123;3,0
540;2022-10-10;13:15:19;2022-10-10;13:31:49;ABC123;3,8
541;2022-10-11;05:55:46;2022-10-11;06:09:38;ABC123;4,1
542;2022-10-11;06:14:18;2022-10-11;06:35:34;ABC123;0,3
543;2022-10-11;06:59:11;2022-10-11;08:01:45;ABC123;3,1
544;2022-10-11;08:05:59;2022-10-11;08:14:32;ABC123;2,6
545;2022-10-11;08:15:59;2022-10-11;08:22:19;ABC123;2,8
546;2022-10-11;12:35:21;2022-10-11;12:39:01;ABC123;1,0
547;2022-10-11;13:08:19;2022-10-11;13:12:29;ABC123;0,9
548;2022-10-14;05:55:35;2022-10-14;06:09:34;ABC123;7,0
549;2022-10-14;06:41:15;2022-10-14;07:04:48;ABC123;7,5
550;2022-10-14;07:59:45;2022-10-14;08:23:54;ABC123;1,3
551;2022-10-14;08:36:02;2022-10-14;08:47:00;ABC123;3,7
552;2022-10-14;09:27:59;2022-10-14;10:01:45;ABC123;4,0
553;2022-10-14;10:10:20;2022-10-14;10:32:15;ABC123;2,7
554;2022-10-14;11:58:17;2022-10-14;12:17:56;ABC123;7,6
555;2022-10-14;12:47:35;2022-10-14;13:22:18;ABC123;4,8
556;2022-10-17;05:44:33;2022-10-17;06:08:55;ABC123;4,3
557;2022-10-17;07:18:27;2022-10-17;08:08:49;ABC123;3,0
558;2022-10-17;08:17:52;2022-10-17;08:31:11;ABC123;3,7
559;2022-10-17;10:34:25;2022-10-17;10:58:30;ABC123;8,3
560;2022-10-17;11:57:49;2022-10-17;12:01:17;ABC123;0,1
561;2022-10-17;12:03:24;2022-10-17;12:33:24;ABC123;5,4
562;2022-10-17;12:35:11;2022-10-17;12:59:55;ABC123;3,8
563;2022-10-18;05:41:10;2022-10-18;05:56:05;ABC123;4,1
564;2022-10-18;06:40:39;2022-10-18;07:59:43;ABC123;4,7
565;2022-10-18;08:06:47;2022-10-18;08:37:03;ABC123;10,2
566;2022-10-18;09:26:24;2022-10-18;09:40:04;ABC123;4,9
567;2022-10-18;09:49:18;2022-10-18;09:54:08;ABC123;0,4
568;2022-10-18;09:57:05;2022-10-18;10:05:00;ABC123;0,2
569;2022-10-18;10:07:30;2022-10-18;10:17:12;ABC123;0,6
570;2022-10-18;10:21:25;2022-10-18;10:48:06;ABC123;7,1
571;2022-10-18;10:51:34;2022-10-18;11:10:08;ABC123;5,3
572;2022-10-18;11:32:35;2022-10-18;11:45:59;ABC123;3,7
573;2022-10-18;11:48:34;2022-10-18;11:52:17;ABC123;0,1
574;2022-10-18;12:02:05;2022-10-18;12:14:50;ABC123;6,5
575;2022-10-18;12:45:39;2022-10-18;13:04:24;ABC123;11,8
576;2022-10-18;13:11:05;2022-10-18;13:14:47;ABC123;0,1
577;2022-10-18;13:30:05;2022-10-18;13:44:57;ABC123;11,9
578;2022-10-18;13:48:22;2022-10-18;13:51:52;ABC123;0,2
579;2022-10-19;05:59:16;2022-10-19;06:15:35;ABC123;3,6
580;2022-10-19;06:19:04;2022-10-19;06:30:16;ABC123;1,5
581;2022-10-19;06:36:44;2022-10-19;07:16:46;ABC123;21,8
582;2022-10-19;07:19:43;2022-10-19;07:36:08;ABC123;10,5
583;2022-10-19;08:02:20;2022-10-19;09:12:36;ABC123;18,9
584;2022-10-19;09:15:57;2022-10-19;09:24:55;ABC123;3,9
585;2022-10-19;09:37:41;2022-10-19;09:41:22;ABC123;0,2
586;2022-10-19;11:05:12;2022-10-19;11:08:43;ABC123;0,3
587;2022-10-20;05:51:45;2022-10-20;06:45:52;ABC123;13,9
588;2022-10-20;06:47:44;2022-10-20;07:50:18;ABC123;20,2
589;2022-10-20;08:24:14;2022-10-20;08:50:33;ABC123;7,4
590;2022-10-20;09:54:16;2022-10-20;10:20:01;ABC123;8,8
591;2022-10-20;12:15:58;2022-10-20;12:33:05;ABC123;4,1
592;2022-10-20;12:35:39;2022-10-20;12:44:50;ABC123;4,3
593;2022-10-20;12:49:46;2022-10-20;12:58:20;ABC123;0,2
594;2022-10-21;05:59:29;2022-10-21;06:39:22;ABC123;10,2
595;2022-10-21;06:47:21;2022-10-21;06:55:55;ABC123;2,3
596;2022-10-21;07:05:13;2022-10-21;07:16:04;ABC123;8,2
597;2022-10-21;10:34:26;2022-10-21;10:42:10;ABC123;0,1
598;2022-10-21;11:44:27;2022-10-21;13:20:15;ABC123;15,8
599;2022-10-21;13:25:10;2022-10-21;13:28:39;ABC123;0,2
600;2022-10-24;06:03:52;2022-10-24;06:07:25;ABC123;0,1
601;2022-10-24;06:18:00;2022-10-24;07:10:10;ABC123;16,7
602;2022-10-24;07:19:24;2022-10-24;07:33:12;ABC123;5,5
603;2022-10-25;12:07:12;2022-10-25;13:07:04;ABC123;10,3
604;2022-10-26;08:09:29;2022-10-26;08:52:06;ABC123;15,3
605;2022-10-26;08:55:12;2022-10-26;09:07:14;ABC123;0,2
606;2022-10-26;09:11:43;2022-10-26;09:40:02;ABC123;0,4
607;2022-10-26;09:49:24;2022-10-26;10:49:46;ABC123;9,9
608;2022-10-27;05:53:23;2022-10-27;06:01:48;ABC123;0,4
609;2022-10-27;06:10:35;2022-10-27;06:15:21;ABC123;1,0
610;2022-10-27;06:23:09;2022-10-27;06:36:43;ABC123;5,9
611;2022-10-27;07:33:52;2022-10-27;07:52:22;ABC123;5,9
612;2022-10-27;08:50:18;2022-10-27;09:00:10;ABC123;3,8
613;2022-10-27;09:02:15;2022-10-27;09:34:25;ABC123;1,5
614;2022-10-27;09:37:24;2022-10-27;09:44:49;ABC123;1,8
615;2022-10-27;09:50:59;2022-10-27;10:02:24;ABC123;2,5
616;2022-10-27;10:42:50;2022-10-27;10:53:03;ABC123;2,9
617;2022-10-27;10:55:33;2022-10-27;11:03:40;ABC123;2,9
618;2022-10-27;11:36:47;2022-10-27;11:57:24;ABC123;6,8
619;2022-10-27;12:09:52;2022-10-27;12:21:34;ABC123;4,9
620;2022-10-27;12:33:39;2022-10-27;12:37:13;ABC123;0,1
621;2022-11-01;05:38:08;2022-11-01;05:59:05;ABC123;11,8
622;2022-11-01;06:13:05;2022-11-01;06:38:22;ABC123;3,9
623;2022-11-01;06:50:05;2022-11-01;07:22:17;ABC123;11,4
624;2022-11-01;07:26:42;2022-11-01;07:40:06;ABC123;11,7
625;2022-11-01;07:50:06;2022-11-01;07:57:10;ABC123;2,1
626;2022-11-01;08:05:18;2022-11-01;08:20:39;ABC123;13,4
627;2022-11-01;08:57:45;2022-11-01;09:13:22;ABC123;6,0
628;2022-11-01;09:42:35;2022-11-01;09:47:41;ABC123;0,2
629;2022-11-01;10:16:47;2022-11-01;10:27:10;ABC123;3,9
630;2022-11-01;10:51:35;2022-11-01;11:03:24;ABC123;7,9
631;2022-11-01;11:58:25;2022-11-01;12:02:09;ABC123;0,1
632;2022-11-01;12:03:33;2022-11-01;12:11:15;ABC123;3,5
633;2022-11-01;12:12:47;2022-11-01;12:30:06;ABC123;7,4
634;2022-11-01;12:36:29;2022-11-01;12:40:08;ABC123;0,7
635;2022-11-01;12:45:01;2022-11-01;13:00:56;ABC123;8,8
636;2022-11-01;13:11:20;2022-11-01;13:19:32;ABC123;2,6
637;2022-11-01;13:26:00;2022-11-01;13:40:11;ABC123;5,8
638;2022-11-01;13:42:44;2022-11-01;13:46:21;ABC123;0,1
639;2022-11-03;08:43:40;2022-11-03;08:55:31;ABC123;3,9
640;2022-11-03;09:30:02;2022-11-03;10:09:23;ABC123;5,7
641;2022-11-03;10:33:17;2022-11-03;10:36:42;ABC123;0,2
642;2022-11-07;05:52:23;2022-11-07;06:04:26;ABC123;4,7
643;2022-11-07;06:25:46;2022-11-07;06:29:22;ABC123;0,3
644;2022-11-07;06:36:12;2022-11-07;06:48:01;ABC123;7,0
645;2022-11-07;06:56:17;2022-11-07;07:13:41;ABC123;3,7
646;2022-11-07;07:17:42;2022-11-07;07:21:21;ABC123;0,6
647;2022-11-07;09:13:42;2022-11-07;09:17:16;ABC123;0,1
648;2022-11-07;09:24:49;2022-11-07;09:28:20;ABC123;0,1
649;2022-11-07;10:50:08;2022-11-07;11:03:02;ABC123;0,2
650;2022-11-07;12:42:22;2022-11-07;12:46:27;ABC123;1,1
651;2022-11-07;12:48:50;2022-11-07;13:01:51;ABC123;4,6
652;2022-11-07;13:14:14;2022-11-07;13:26:57;ABC123;4,5
653;2022-11-08;07:28:44;2022-11-08;07:33:37;ABC123;0,6
654;2022-11-08;07:37:06;2022-11-08;07:42:09;ABC123;0,6
655;2022-11-08;12:21:56;2022-11-08;12:30:49;ABC123;3,1
656;2022-11-08;12:36:55;2022-11-08;12:46:46;ABC123;3,9
657;2022-11-09;05:57:42;2022-11-09;06:08:52;ABC123;1,0
658;2022-11-09;06:10:48;2022-11-09;06:22:21;ABC123;5,7
659;2022-11-09;06:29:29;2022-11-09;07:07:41;ABC123;1,9
660;2022-11-09;07:12:12;2022-11-09;07:40:04;ABC123;11,8
661;2022-11-09;07:42:04;2022-11-09;07:45:21;ABC123;0,2
662;2022-11-09;10:29:06;2022-11-09;10:37:47;ABC123;3,6
663;2022-11-09;12:13:06;2022-11-09;12:23:19;ABC123;3,7
664;2022-11-10;06:04:57;2022-11-10;07:05:34;ABC123;11,6
665;2022-11-10;07:13:17;2022-11-10;07:16:56;ABC123;0,1
666;2022-11-10;07:26:01;2022-11-10;07:39:02;ABC123;6,2
667;2022-11-10;08:15:23;2022-11-10;08:20:59;ABC123;0,9
668;2022-11-10;08:22:25;2022-11-10;08:32:55;ABC123;4,2
669;2022-11-10;08:54:28;2022-11-10;09:08:34;ABC123;6,3
670;2022-11-10;09:16:16;2022-11-10;09:34:02;ABC123;6,1
671;2022-11-10;09:40:45;2022-11-10;09:56:21;ABC123;11,8
672;2022-11-10;09:58:53;2022-11-10;10:04:00;ABC123;0,4
673;2022-11-10;10:06:22;2022-11-10;10:20:48;ABC123;12,1
674;2022-11-10;10:27:06;2022-11-10;10:30:45;ABC123;0,1
675;2022-11-10;10:34:16;2022-11-10;10:38:32;ABC123;0,4
676;2022-11-10;10:41:11;2022-11-10;10:44:48;ABC123;0,1
677;2022-11-10;10:48:42;2022-11-10;10:52:11;ABC123;0,1
678;2022-11-10;12:19:04;2022-11-10;12:22:46;ABC123;1,0
679;2022-11-10;12:32:11;2022-11-10;12:36:22;ABC123;1,1
680;2022-11-14;06:06:15;2022-11-14;06:15:46;ABC123;3,4
681;2022-11-14;06:26:36;2022-11-14;06:36:25;ABC123;5,3
682;2022-11-14;06:42:56;2022-11-14;06:46:32;ABC123;0,1
683;2022-11-14;07:01:39;2022-11-14;07:05:12;ABC123;0,2
684;2022-11-14;07:15:20;2022-11-14;07:30:27;ABC123;5,7
685;2022-11-14;07:59:35;2022-11-14;08:15:32;ABC123;4,3
686;2022-11-14;08:48:45;2022-11-14;08:59:48;ABC123;4,1
687;2022-11-14;09:14:55;2022-11-14;09:18:29;ABC123;0,2
688;2022-11-14;09:27:17;2022-11-14;09:30:50;ABC123;0,1
689;2022-11-14;09:36:07;2022-11-14;09:43:20;ABC123;3,2
690;2022-11-14;09:44:49;2022-11-14;10:01:22;ABC123;6,9
691;2022-11-14;12:15:20;2022-11-14;12:20:16;ABC123;1,8
692;2022-11-14;12:21:42;2022-11-14;12:26:13;ABC123;1,7
693;2022-11-14;12:36:06;2022-11-14;12:57:57;ABC123;5,9
694;2022-11-15;12:37:44;2022-11-15;12:41:48;ABC123;0,3
695;2022-11-15;12:45:32;2022-11-15;12:49:08;ABC123;0,2
696;2022-11-15;12:51:11;2022-11-15;13:00:35;ABC123;7,6
697;2022-11-15;13:03:35;2022-11-15;13:07:24;ABC123;0,0
698;2022-11-15;13:14:38;2022-11-15;13:29:42;ABC123;9,3
699;2022-11-17;07:27:26;2022-11-17;07:31:10;ABC123;0,2
700;2022-11-17;07:38:21;2022-11-17;07:42:04;ABC123;0,2
701;2022-11-17;09:04:18;2022-11-17;09:24:16;ABC123;5,1
702;2022-11-17;09:37:54;2022-11-17;10:04:33;ABC123;8,0
703;2022-11-17;10:06:09;2022-11-17;10:09:41;ABC123;0,8
704;2022-11-17;10:11:12;2022-11-17;10:22:00;ABC123;6,8
705;2022-11-17;10:50:36;2022-11-17;10:54:07;ABC123;0,1
706;2022-11-17;11:22:46;2022-11-17;11:26:30;ABC123;0,1
707;2022-11-23;06:36:36;2022-11-23;07:10:30;ABC123;11,9
708;2022-11-23;07:20:44;2022-11-23;07:32:29;ABC123;3,7
709;2022-11-23;07:39:28;2022-11-23;07:43:11;ABC123;0,5
710;2022-11-23;08:15:19;2022-11-23;08:39:37;ABC123;7,4
711;2022-11-23;08:49:10;2022-11-23;08:56:40;ABC123;2,1
712;2022-11-23;09:00:46;2022-11-23;09:18:56;ABC123;5,2
713;2022-11-23;12:40:50;2022-11-23;12:44:27;ABC123;0,2
714;2022-11-23;12:54:41;2022-11-23;13:01:03;ABC123;3,4
715;2022-11-23;13:11:30;2022-11-23;14:15:05;ABC123;6,2
716;2022-11-24;08:49:44;2022-11-24;09:14:25;ABC123;23,9
717;2022-11-24;09:23:58;2022-11-24;11:22:53;ABC123;42,7
718;2022-11-24;12:16:26;2022-11-24;13:44:10;ABC123;13,0
719;2022-11-25;06:46:08;2022-11-25;06:49:53;ABC123;0,1
720;2022-11-25;06:54:33;2022-11-25;07:01:48;ABC123;0,3
721;2022-11-25;07:40:37;2022-11-25;08:10:40;ABC123;13,3
722;2022-11-25;08:14:31;2022-11-25;08:27:29;ABC123;6,6
723;2022-11-25;08:32:42;2022-11-25;08:36:27;ABC123;0,9
724;2022-11-25;08:43:26;2022-11-25;08:46:49;ABC123;0,2
725;2022-11-25;09:22:46;2022-11-25;10:20:28;ABC123;7,9
726;2022-11-25;10:53:48;2022-11-25;11:08:45;ABC123;10,6
727;2022-11-25;11:16:34;2022-11-25;11:20:12;ABC123;0,1
728;2022-11-25;11:58:35;2022-11-25;12:29:15;ABC123;8,4
729;2022-11-25;13:23:56;2022-11-25;13:38:15;ABC123;10,4
730;2022-11-28;06:19:43;2022-11-28;06:29:08;ABC123;0,1
731;2022-11-28;06:37:49;2022-11-28;06:41:21;ABC123;0,1
732;2022-11-28;07:06:16;2022-11-28;07:24:34;ABC123;6,0
733;2022-11-28;07:32:20;2022-11-28;07:43:39;ABC123;4,1
734;2022-11-28;08:36:46;2022-11-28;08:45:32;ABC123;4,0
735;2022-11-28;09:28:08;2022-11-28;10:03:34;ABC123;5,4
736;2022-11-28;10:05:19;2022-11-28;10:09:05;ABC123;0,3
737;2022-11-28;10:16:40;2022-11-28;10:20:14;ABC123;0,2
738;2022-11-28;10:35:51;2022-11-28;10:39:31;ABC123;0,7
739;2022-11-28;10:46:11;2022-11-28;10:58:57;ABC123;4,8
740;2022-11-28;11:09:11;2022-11-28;11:12:53;ABC123;0,1
741;2022-11-28;11:44:40;2022-11-28;11:52:51;ABC123;3,1
742;2022-11-28;12:00:38;2022-11-28;12:04:09;ABC123;0,0
743;2022-11-28;12:53:53;2022-11-28;12:58:20;ABC123;0,6
744;2022-11-28;12:59:54;2022-11-28;13:12:13;ABC123;4,1
745;2022-11-29;06:11:03;2022-11-29;06:16:36;ABC123;0,2
746;2022-11-29;06:24:59;2022-11-29;06:33:17;ABC123;3,1
747;2022-11-29;06:50:19;2022-11-29;06:58:16;ABC123;2,4
748;2022-11-29;07:09:56;2022-11-29;07:19:03;ABC123;2,1
749;2022-11-29;07:27:55;2022-11-29;07:36:31;ABC123;3,0
750;2022-11-29;07:44:43;2022-11-29;07:55:26;ABC123;3,5
751;2022-11-29;08:43:54;2022-11-29;08:52:52;ABC123;4,1
752;2022-11-29;08:55:08;2022-11-29;08:58:49;ABC123;0,2
753;2022-11-29;09:19:45;2022-11-29;09:27:26;ABC123;3,1
754;2022-11-29;09:29:51;2022-11-29;09:52:49;ABC123;9,2
755;2022-11-29;09:59:33;2022-11-29;10:03:19;ABC123;0,1
756;2022-11-29;10:09:21;2022-11-29;10:13:03;ABC123;0,1
757;2022-11-29;10:15:11;2022-11-29;10:18:54;ABC123;0,9
758;2022-11-29;10:22:40;2022-11-29;10:26:23;ABC123;0,2
759;2022-11-29;10:27:48;2022-11-29;10:32:19;ABC123;1,5
760;2022-11-29;10:47:23;2022-11-29;11:02:30;ABC123;5,2
761;2022-11-29;12:00:07;2022-11-29;12:11:31;ABC123;4,1
762;2022-11-30;06:20:18;2022-11-30;06:27:59;ABC123;3,2
763;2022-11-30;06:36:25;2022-11-30;06:48:08;ABC123;3,9
764;2022-11-30;06:52:32;2022-11-30;07:06:22;ABC123;2,4
765;2022-11-30;07:11:19;2022-11-30;07:15:59;ABC123;1,4
766;2022-11-30;07:26:27;2022-11-30;07:33:24;ABC123;1,9
767;2022-11-30;07:37:54;2022-11-30;07:47:04;ABC123;3,7
768;2022-11-30;08:38:39;2022-11-30;08:51:48;ABC123;4,2
769;2022-11-30;09:16:50;2022-11-30;09:28:50;ABC123;5,2
770;2022-11-30;10:04:25;2022-11-30;10:11:01;ABC123;2,7
771;2022-11-30;10:15:44;2022-11-30;10:28:14;ABC123;4,5
772;2022-11-30;10:44:40;2022-11-30;10:53:11;ABC123;3,6
773;2022-11-30;11:11:33;2022-11-30;11:15:07;ABC123;0,2
774;2022-11-30;11:22:07;2022-11-30;11:28:19;ABC123;1,0
775;2022-11-30;11:32:36;2022-11-30;11:37:04;ABC123;1,7
776;2022-11-30;12:34:24;2022-11-30;12:46:43;ABC123;1,2
777;2022-11-30;13:01:15;2022-11-30;13:12:03;ABC123;4,7
778;2022-12-01;06:28:26;2022-12-01;06:39:58;ABC123;3,2
779;2022-12-01;06:50:22;2022-12-01;07:03:40;ABC123;4,4
780;2022-12-01;07:14:00;2022-12-01;07:17:39;ABC123;0,1
781;2022-12-01;07:25:58;2022-12-01;07:31:15;ABC123;2,1
782;2022-12-01;07:36:28;2022-12-01;07:45:04;ABC123;4,1
783;2022-12-01;08:20:51;2022-12-01;08:32:34;ABC123;4,1
784;2022-12-01;08:37:10;2022-12-01;08:40:55;ABC123;0,2
785;2022-12-01;09:37:50;2022-12-01;10:12:27;ABC123;7,3
786;2022-12-01;10:18:04;2022-12-01;10:32:41;ABC123;3,0
787;2022-12-01;10:39:39;2022-12-01;10:47:09;ABC123;3,7
788;2022-12-01;11:15:23;2022-12-01;11:25:38;ABC123;4,1
789;2022-12-05;05:37:34;2022-12-05;05:48:48;ABC123;3,2
790;2022-12-05;06:22:13;2022-12-05;06:45:22;ABC123;8,0
791;2022-12-05;07:20:25;2022-12-05;07:25:43;ABC123;1,6
792;2022-12-05;07:34:12;2022-12-05;07:45:23;ABC123;4,3
793;2022-12-05;07:48:27;2022-12-05;08:00:42;ABC123;5,4
794;2022-12-05;08:34:27;2022-12-05;08:47:46;ABC123;4,1
795;2022-12-05;08:53:48;2022-12-05;08:57:19;ABC123;0,2
796;2022-12-05;09:43:18;2022-12-05;10:01:30;ABC123;7,9
797;2022-12-05;10:14:24;2022-12-05;10:25:18;ABC123;9,2
798;2022-12-05;10:40:41;2022-12-05;10:51:07;ABC123;5,8
799;2022-12-05;10:56:37;2022-12-05;11:09:22;ABC123;8,4
800;2022-12-05;11:38:00;2022-12-05;11:41:45;ABC123;0,6
801;2022-12-05;11:45:42;2022-12-05;11:49:18;ABC123;0,4
802;2022-12-05;12:02:56;2022-12-05;12:06:38;ABC123;0,2
803;2022-12-05;12:12:01;2022-12-05;12:17:58;ABC123;1,8
804;2022-12-05;12:26:16;2022-12-05;12:32:33;ABC123;2,3
805;2022-12-05;12:52:10;2022-12-05;13:03:29;ABC123;4,0
806;2022-12-06;09:20:31;2022-12-06;09:31:35;ABC123;3,6
807;2022-12-06;09:52:41;2022-12-06;10:05:42;ABC123;3,8
808;2022-12-06;10:27:36;2022-12-06;10:40:59;ABC123;10,7
809;2022-12-06;10:45:54;2022-12-06;10:58:52;ABC123;7,1
810;2022-12-06;11:29:29;2022-12-06;11:39:58;ABC123;4,1
